Spec,Gear Type,Phase,Name,Acquisition Type,Quest,Dungeon,Difficulty,Stats,Special,Notes
Balance,Head,PreRaid,Spellstrike Hood,Auction House,,,,145 Armor; 16 Sta; 12 Int; 46 Spell Dmg/Heal,,
Balance,Head,PreRaid,Hood of Oblivion,Dungeon Drop,,Arcatraz,Normal,127 Armor; 27 Sta; 32 Int; 40 Spell Dmg/Heal,,Harbinger Skyriss
Balance,Head,PreRaid,Incanter's Cowl,Dungeon Drop,,Mechanar,Normal,127 Armor; 15 Sta; 27 Int; 17 Spi; 29 Spell Dmg/Heal,,Pathaleon the Calculator
Balance,Head,PreRaid,Mana-Binders Cowl,Dungeon Token,,,,151 Armor; 38 Sta; 29 Int; 34 Spell Dmg/Heal,,50 Badges of Justice
Balance,Head,PreRaid,Druidic Helmet of Second Sight,Quest,"Teron Gorefiend, I am... (SMV)",,,226 Armor; 12 Sta; 15 Int; 35 Spell Dmg/Heal; 4 MP5,Equip: Allows the bearer to see into the ghost world while in Shadowmoon Valley,
Balance,Head,PreRaid,Mag'hari Ritualist's Horns,Quest,Hero of the Mag'har (Nag),,,114 Armor; 18 Sta; 16 Int; 50 Spell Dmg/Heal,,
Balance,Head,PreRaid,Gladiator's Wyrmhide Helm,PvP,,,,356 Armor; 45 Sta; 25 Int; 43 Spell Dmg/Heal; 7 MP5,,
Balance,Shoulder,PreRaid,Incanter's Pauldrons,Dungeon Drop,,Steamvault,Normal,117 Armor; 24 Sta; 17 Int; 16 Spi; 20 Spell Dmg/Heal,,Warlord Kalithresh
Balance,Shoulder,PreRaid,Mana-Etched Spaulders,Dungeon Drop,,Slave Pens,Heroic,117 Armor; 25 Sta; 17 Int; 20 Spell Dmg/Heal; 35 Spell Hit,,Quagmirran
Balance,Shoulder,PreRaid,Mantle of Three Terrors,Dungeon Drop,,Black Morass,Normal,114 Armor; 29 Sta; 25 Int; 29 Spell Dmg/Heal,,Chrono Lord Deja
Balance,Shoulder,PreRaid,Rime Covered Mantle,Dungeon Drop,,Naxxramas,Normal,108 Armor; 12 Sta; 12 Int; 39 Spell Dmg/Heal; 14 Spell Crit,,Gluth
Balance,Shoulder,PreRaid,Spaulders of Oblivion,Dungeon Drop,,Shadow Labyrinth,Normal,117 Armor; 25 Sta; 17 Int; 29 Spell Dmg/Heal,,Murmur
Balance,Shoulder,PreRaid,Elekk Hide Spaulders,Quest,The Fallen Exarch (TF),,,173 Armor; 12 Int; 16 Spi; 25 Spell Dmg/Heal,,
Balance,Shoulder,PreRaid,Spaulders of the Torn-heart,Quest,The Cipher of Damnation - The Third Fragment Recovered (SMV),,,111 Armor; 10 Sta; 7 Int; 8 Spi; 40 Spell Dmg/Heal,,
Balance,Shoulder,PreRaid,Gladiator's Wyrmhide Spaulders,PvP,,,,331 Armor; 33 Sta; 14 Int; 28 Spell Dmg/Heal; 4 MP5,,
Balance,Back,PreRaid,Cloak of Entropy,Auction House,,,,61 Armor; 11 Int; 25 Spell Dmg/Heal,,World Drop
Balance,Back,PreRaid,Cloak of the Black Void,Auction House,,,,76 Armor; 11 Int; 35 Spell Dmg/Heal,,
Balance,Back,PreRaid,Cloak of the Devoured,Dungeon Drop,,Ahn'Qiraj,Normal,76 Armor; 11 Sta; 10 Int; 30 Spell Dmg/Heal; 8 Spell Hit,,C'Thun
Balance,Back,PreRaid,Cloak of the Necropolis,Dungeon Drop,,Naxxramas,Normal,77 Armor; 12 Sta; 11 Int; 26 Spell Dmg/Heal; 8 Spell Hit; 14 Spell Crit,,Sapphiron
Balance,Back,PreRaid,Sethekk Oracle Cloak,Dungeon Drop,,Sethekk Halls,Normal,78 Armor; 18 Sta; 18 Int; 22 Spell Dmg/Heal,,Talon King Ikiss
Balance,Back,PreRaid,Shawl of Shifting Probabilities,Dungeon Token,,,,93 Armor; 18 Sta; 16 Int; 21 Spell Dmg/Heal,,25 Badges of Justice
Balance,Back,PreRaid,Ogre Slayer's Cover,Quest,Cho'war the Pillager (Nag),,,68 Armor; 18 Int; 11 Spi; 20 Spell Dmg/Heal,,
Balance,Chest,PreRaid,Robe of the Crimson Order,Auction House,,,,152 Armor; 23 Int; 50 Spell Dmg/Heal,,World Drop
Balance,Chest,PreRaid,Spellfire Robe,Auction House,,,,178 Armor; 4 Sta; 17 Int,,
Balance,Chest,PreRaid,Will of Edward the Odd,Auction House,,,,170 Armor; 30 Int; 53 Spell Dmg/Heal,,World Drop
Balance,Chest,PreRaid,Windhawk Hauberk,Auction House,,,,379 Armor; 28 Sta; 29 Int; 29 Spi; 32 Spell Dmg/Heal; 42 Healing; 14 Spell Dmg; 8 MP5,,
Balance,Chest,PreRaid,Incanter's Robe,Dungeon Drop,,Botanica,Normal,156 Armor; 24 Sta; 22 Int; 22 Spi; 29 Spell Dmg/Heal,,Warp Splinter
Balance,Chest,PreRaid,Warp Infused Drape,Dungeon Drop,,Botanica,Normal,156 Armor; 27 Sta; 28 Int; 30 Spell Dmg/Heal,,Warp Splinter
Balance,Chest,PreRaid,Auchenai Anchorite's Robe,Quest (Dung),Everything Will Be Alright (AC),,,136 Armor; 24 Int; 28 Spell Dmg/Heal,,
Balance,Chest,PreRaid,Anchorite's Robes,Reputation,,,,156 Armor; 16 Sta; 38 Int; 18 Spi; 29 Spell Dmg/Heal,,The Aldor - Honored
Balance,Chest,PreRaid,Gladiator's Wyrmhide Tunic,PvP,,,,429 Armor; 42 Sta; 22 Int; 46 Spell Dmg/Heal; 6 MP5,,
Balance,Wrist,PreRaid,Bracers of Havok,Auction House,,,,67 Armor; 12 Int; 30 Spell Dmg/Heal,,
Balance,Wrist,PreRaid,Windhawk Bracers,Auction House,,,,159 Armor; 22 Sta; 17 Int; 7 Spi; 16 Spell Dmg/Heal; 31 Healing; 11 Spell Dmg; 8 MP5,,
Balance,Wrist,PreRaid,Bands of Negation,Dungeon Drop,,Mana Tombs,Heroic,81 Armor; 25 Sta; 22 Int; 29 Spell Dmg/Heal,,Nexus-Prince Shaffar
Balance,Wrist,PreRaid,Bands of Rarefied Magic,Dungeon Drop,,Shattered Halls,Heroic,81 Armor; 22 Sta; 21 Int; 16 Spi; 25 Spell Dmg/Heal,,Warchief Kargath Bladefist
Balance,Wrist,PreRaid,Crimson Bracers of Gloom,Dungeon Drop,,Hellfire Ramparts,Heroic,68 Armor; 18 Sta; 18 Int; 22 Spell Dmg/Heal,,Omor the Unscarred
Balance,Wrist,PreRaid,Shattrath Wraps,Quest (Dung),The Soul Devices (SL),,,68 Armor; 15 Sta; 15 Int; 21 Spell Dmg/Heal,,
Balance,Wrist,PreRaid,Rockfury Bracers,Reputation,,,,48 Armor; 7 Sta; 27 Spell Dmg/Heal; 8 Spell Hit,,Cenarion Circle - Revered
Balance,Wrist,PreRaid,General's Silk Cuffs,PvP,,,,84 Armor; 22 Sta; 17 Int; 20 Spell Dmg/Heal,,
Balance,Hands,PreRaid,Gloves of Pandemonium,Auction House,,,,78 Armor; 15 Int; 25 Spell Dmg/Heal,,World Drop
Balance,Hands,PreRaid,Spellfire Gloves,Auction House,,,,111 Armor; 4 Sta; 10 Int,,
Balance,Hands,PreRaid,Gloves of Oblivion,Dungeon Drop,,Shattered Halls,Normal,97 Armor; 33 Sta; 21 Int; 26 Spell Dmg/Heal,,Warchief Kargath Bladefist
Balance,Hands,PreRaid,Gloves of the Deadwatcher,Dungeon Drop,,Auchenai Crypts,Heroic,97 Armor; 24 Sta; 24 Int; 29 Spell Dmg/Heal,,Shirrak the Dead Watcher
Balance,Hands,PreRaid,Mana-Etched Gloves,Dungeon Drop,,Hellfire Ramparts,Heroic,97 Armor; 25 Sta; 17 Int; 20 Spell Dmg/Heal; 35 Spell Hit,,Omor the Unscarred
Balance,Hands,PreRaid,Manaspark Gloves,Dungeon Drop,,Underbog,Normal,81 Armor; 14 Sta; 14 Int; 10 Spi; 16 Spell Dmg/Heal,,Hungarfen
Balance,Hands,PreRaid,Starlight Gauntlets,Dungeon Drop,,Underbog,Normal,153 Armor; 10 Sta; 21 Int; 8 Spi; 25 Spell Dmg/Heal,,Hungarfen
Balance,Hands,PreRaid,Tempest's Touch,Quest (Dung),Return to Andormu (CoT),,,88 Armor; 10 Sta; 20 Int; 6 Spi; 27 Spell Dmg/Heal,Equip: Increases your spell penetration by 10,
Balance,Waist,PreRaid,Girdle of Ruination,Auction House,,,,100 Armor; 18 Sta; 13 Int; 39 Spell Dmg/Heal,,
Balance,Waist,PreRaid,Spellfire Belt,Auction House,,,,100 Armor; 4 Sta; 18 Int,,
Balance,Waist,PreRaid,Windhawk Belt,Auction House,,,,205 Armor; 17 Sta; 19 Int; 20 Spi; 23 Spell Dmg/Heal; 42 Healing; 14 Spell Dmg; 8 MP5,,
Balance,Waist,PreRaid,Belt of Depravity,Dungeon Drop,,Arcatraz,Heroic,105 Armor; 31 Sta; 27 Int; 34 Spell Dmg/Heal,,Harbinger Skyriss
Balance,Waist,PreRaid,Glyph-Lined Sash,Dungeon Drop,,Mana Tombs,Heroic,88 Armor; 21 Sta; 23 Int; 30 Spell Dmg/Heal,,Nexus-Prince Shaffar
Balance,Waist,PreRaid,Mindfire Waistband,Dungeon Drop,,Blood Furnace,Normal,68 Armor; 10 Sta; 14 Int; 8 Spi; 21 Spell Dmg/Heal,,Keli'dan the Breaker
Balance,Waist,PreRaid,A'dal's Gift,Quest (Dung),How to Break Into the Arcatraz (TK),,,88 Armor; 25 Int; 34 Spell Dmg/Heal,,
Balance,Legs,PreRaid,Spellstrike Pants,Auction House,,,,156 Armor; 12 Sta; 8 Int; 46 Spell Dmg/Heal,,
Balance,Legs,PreRaid,Aran's Sorcerous Slacks,Dungeon Drop,,Old Hillsbrad Foothills,Heroic,136 Armor; 29 Sta; 28 Int; 23 Spell Dmg/Heal,,Lieutenant Drake
Balance,Legs,PreRaid,Breeches of the Occultist,Dungeon Drop,,Black Morass,Heroic,163 Armor; 37 Sta; 22 Int; 36 Spell Dmg/Heal,,Aeonus
Balance,Legs,PreRaid,Khadgar's Kilt of Abjuration,Dungeon Drop,,Black Morass,Normal,133 Armor; 20 Sta; 22 Int; 15 Spi; 36 Spell Dmg/Heal,,Temporus
Balance,Legs,PreRaid,Kirin Tor Master's Trousers,Dungeon Drop,,Shadow Labyrinth,Heroic,163 Armor; 27 Sta; 29 Int; 25 Spi; 36 Spell Dmg/Heal,,Murmur
Balance,Legs,PreRaid,Moonchild Leggings,Dungeon Drop,,Blood Furnace,Heroic,256 Armor; 26 Sta; 20 Int; 19 Spi; 23 Spell Dmg/Heal,,Broggok
Balance,Legs,PreRaid,Haramad's Leggings of the Third Coin,Quest (Dung),Undercutting the Competition (MT),,,219 Armor; 29 Int; 27 Spell Dmg/Heal,,
Balance,Legs,PreRaid,Kurenai Kilt,Reputation,,,,256 Armor; 11 Int; 44 Spell Dmg/Heal,,Kurenai - Revered
Balance,Legs,PreRaid,Tempest Leggings,Reputation,,,,256 Armor; 11 Int; 44 Spell Dmg/Heal,,The Mag'har - Revered
Balance,Feet,PreRaid,Boots of Blasphemy,Dungeon Drop,,Slave Pens,Heroic,128 Armor; 36 Sta; 29 Int; 36 Spell Dmg/Heal,,Quagmirran
Balance,Feet,PreRaid,Boots of Ethereal Manipulation,Dungeon Drop,,Botanica,Heroic,128 Armor; 27 Sta; 27 Int; 21 Spi; 33 Spell Dmg/Heal,,Warp Splinter
Balance,Feet,PreRaid,Embroidered Spellpyre Boots,Dungeon Drop,,Blood Furnace,Heroic,107 Armor; 21 Sta; 21 Int; 41 Spell Dmg/Heal,,Broggok
Balance,Feet,PreRaid,Extravagant Boots of Malice,Dungeon Drop,,Mana Tombs,Heroic,107 Armor; 27 Sta; 24 Int; 30 Spell Dmg/Heal,,Tavarok
Balance,Feet,PreRaid,Moonstrider Boots,Dungeon Drop,,Sethekk Halls,Normal,196 Armor; 21 Sta; 22 Int; 25 Spell Dmg/Heal; 6 MP5,,Darkweaver Syth
Balance,Feet,PreRaid,Sigil-Laced Boots,Dungeon Drop,,Arcatraz,Normal,107 Armor; 24 Sta; 18 Int; 20 Spell Dmg/Heal,,Harbinger Skyriss
Balance,Feet,PreRaid,Boots of the Nexus Warden,Quest,The Flesh Lies... (NS),,,97 Armor; 27 Sta; 17 Int; 21 Spell Dmg/Heal,,
Balance,Feet,PreRaid,Shimmering Azure Boots,Quest,Securing the Celestial Ridge (NS),,,94 Armor; 19 Int; 23 Spell Dmg/Heal; 5 MP5,,
Balance,Feet,PreRaid,Shattrath Jumpers,Quest (Dung),Into the Heart of the Labyrinth (SL),,,107 Armor; 25 Sta; 17 Int; 29 Spell Dmg/Heal,,
Balance,Feet,PreRaid,General's Silk Footguards,PvP,,,,142 Armor; 33 Sta; 23 Int; 28 Spell Dmg/Heal,,
Balance,Neck,PreRaid,Brooch of Heightened Potential,Dungeon Drop,,Shadow Labyrinth,Normal,15 Sta; 14 Int; 22 Spell Dmg/Heal,,Blackheart the Inciter
Balance,Neck,PreRaid,Hydra-fang Necklace,Dungeon Drop,,Underbog,Normal,17 Sta; 16 Int; 19 Spell Dmg/Heal,,Ghaz'an
Balance,Neck,PreRaid,Luminous Pearls of Insight,Dungeon Drop,,Underbog,Normal,15 Int; 25 Spell Dmg/Heal,,Ghaz'an
Balance,Neck,PreRaid,Natasha's Ember Necklace,Quest,The Hound-Master (BEM),,,15 Int; 29 Spell Dmg/Heal,,
Balance,Neck,PreRaid,Torc of the Sethekk Prophet,Quest (Dung),Brother Against Brother (Seth),,,18 Int; 19 Spell Dmg/Heal,,
Balance,Neck,PreRaid,Pendant of Dominance,PvP,,,,31 Sta; 12 Int; 26 Spell Dmg/Heal,,
Balance,Ring,PreRaid,Band of Dominion,Auction House,,,,28 Spell Dmg/Heal,,World Drop
Balance,Ring,PreRaid,Band of the Inevitable,Dungeon Drop,,Naxxramas,Normal,36 Spell Dmg/Heal; 8 Spell Hit,,Noth the Plaguebringer
Balance,Ring,PreRaid,Cobalt Band of Tyrigosa,Dungeon Drop,,Mana Tombs,Heroic,19 Sta; 17 Int; 35 Spell Dmg/Heal,,Nexus-Prince Shaffar
Balance,Ring,PreRaid,Ryngo's Band of Ingenuity,Dungeon Drop,,Arcatraz,Normal,12 Sta; 14 Int; 25 Spell Dmg/Heal,,Wrath-Scryer Soccothrates
Balance,Ring,PreRaid,Sparking Arcanite Ring,Dungeon Drop,,Old Hillsbrad Foothills,Heroic,13 Sta; 14 Int; 22 Spell Dmg/Heal,,Epoch Hunter
Balance,Ring,PreRaid,Ring of Cryptic Dreams,Dungeon Token,,,,16 Sta; 17 Int; 23 Spell Dmg/Heal,,25 Badges of Justice
Balance,Ring,PreRaid,Seal of the Exorcist,Dungeon Token,,,,24 Sta; 28 Spell Dmg/Heal,,50 Spirit Shards
Balance,Ring,PreRaid,Evoker's Mark of the Redemption,Quest,Dissension Amongst the Ranks... (SMV),,,15 Int; 29 Spell Dmg/Heal,,
Balance,Ring,PreRaid,Manastorm Band,Quest,Shutting Down Manaforge Ara (NS),,,15 Int; 29 Spell Dmg/Heal,,
Balance,Ring,PreRaid,Ring of the Fallen God,Quest,The Savior of Kalimdor (AQ),,,5 Sta; 6 Int; 37 Spell Dmg/Heal; 8 Spell Hit,,
Balance,Ring,PreRaid,Ashyen's Gift,Reputation,,,,30 Sta; 23 Spell Dmg/Heal,,Cenarion Expedition - Exalted
Balance,Ring,PreRaid,Seer's Signet,Reputation,,,,24 Sta; 34 Spell Dmg/Heal,,The Scryers - Exalted
Balance,Trinket,PreRaid,Arcanist's Stone,Dungeon Drop,,Old Hillsbrad Foothills,Heroic,167 Spell Dmg/Heal,Use: Increases damage and healing done by magical spells and effects by up to 167 for 20 sec,Epoch Hunter
Balance,Trinket,PreRaid,Briarwood Reed,Dungeon Drop,,Blackrock Spire,Normal,29 Spell Dmg/Heal,,Jed Runewatcher
Balance,Trinket,PreRaid,Neltharion's Tear,Dungeon Drop,,Blackwing Lair,Normal,44 Spell Dmg/Heal; 16 Spell Hit,,Nefarian
Balance,Trinket,PreRaid,Oculus of the Hidden Eye,Dungeon Drop,,Auchenai Crypts,Normal,33 Spell Dmg/Heal,Use: The next opponent you kill within 10 sec that yields experience or honor will restore 900 mana,Shirrak the Dead Watcher
Balance,Trinket,PreRaid,Quagmirran's Eye,Dungeon Drop,,Slave Pens,Heroic,37 Spell Dmg/Heal,,Quagmirran
Balance,Trinket,PreRaid,The Restrained Essence of Sapphiron,Dungeon Drop,,Naxxramas,Normal,40 Spell Dmg/Heal,Use: Increases damage and healing done by magical spells and effects by up to 130 for 20 sec,Sapphiron
Balance,Trinket,PreRaid,Icon of the Silver Crescent,Dungeon Token,,,,43 Spell Dmg/Heal,Use: Increases damage and healing done by magical spells and effects by up to 155 for 20 sec,41 Badges of Justice
Balance,Trinket,PreRaid,Ancient Crystal Talisman,Quest,A Spirit Ally? (ZM),,,26 Spell Dmg/Heal,Use: Increases damage and healing done by magical spells and effects by up to 104 for 20 sec,
Balance,Trinket,PreRaid,Glowing Crystal Insignia,Quest,Overlord Gorefist (ZM),,,26 Spell Dmg/Heal,Use: Increases damage and healing done by magical spells and effects by up to 104 for 20 sec,
Balance,Trinket,PreRaid,Starkiller's Bauble,Quest,The Horrors of Pollution (NS),,,,Use: Increases spell damage by up to 125 for 15 sec,
Balance,Trinket,PreRaid,Terokkar Tablet of Vim,Quest,Torgos! (TF),,,,Use: Increases spell damage by up to 84 and healing by up to 156 for 15 sec,
Balance,Trinket,PreRaid,Scryer's Bloodgem,Reputation,,,,,Use: Increases spell damage by up to 150 and healing by up to 280 for 15 sec,The Scryers - Revered
Balance,Main Hand,PreRaid,Eternium Runed Blade,Auction House,,,,41.76 DPS; 19 Int; 168 Spell Dmg/Heal,,
Balance,Main Hand,PreRaid,Bleeding Hollow Warhammer,Dungeon Drop,,Slave Pens,Heroic,41.25 DPS; 12 Sta; 17 Int; 121 Spell Dmg/Heal,,Quagmirran
Balance,Main Hand,PreRaid,Runesong Dagger,Dungeon Drop,,Shattered Halls,Normal,39.67 DPS; 12 Sta; 11 Int; 121 Spell Dmg/Heal,,Warbringer O'mrogg
Balance,Main Hand,PreRaid,Sky Breaker,Dungeon Drop,,Auchenai Crypts,Heroic,41.11 DPS; 13 Sta; 20 Int; 132 Spell Dmg/Heal,,Avatar of the Martyred
Balance,Main Hand,PreRaid,Starlight Dagger,Dungeon Drop,,Slave Pens,Heroic,41.67 DPS; 15 Sta; 15 Int; 121 Spell Dmg/Heal,,Mennu the Betrayer
Balance,Main Hand,PreRaid,Gavel of Unearthed Secrets,Reputation,,,,41.48 DPS; 24 Sta; 16 Int; 159 Spell Dmg/Heal,,Lower City - Exalted
Balance,Main Hand,PreRaid,High Warlord's Spellblade,PvP,,,,41.56 DPS; 18 Sta; 13 Int; 121 Spell Dmg/Heal,,
Balance,Off Hand,PreRaid,Lamp of Peaceful Radiance,Dungeon Drop,,Arcatraz,Normal,13 Sta; 14 Int; 21 Spell Dmg/Heal,,Harbinger Skyriss
Balance,Off Hand,PreRaid,Manual of the Nethermancer,Dungeon Drop,,Mechanar,Normal,12 Sta; 15 Int; 21 Spell Dmg/Heal,,Nethermancer Sepethrea
Balance,Off Hand,PreRaid,Sapphiron's Left Eye,Dungeon Drop,,Naxxramas,Normal,12 Sta; 8 Int; 26 Spell Dmg/Heal; 8 Spell Hit; 14 Spell Crit,,Sapphiron
Balance,Off Hand,PreRaid,Star-Heart Lamp,Dungeon Drop,,Black Morass,Normal,17 Sta; 18 Int; 22 Spell Dmg/Heal,,Temporus
Balance,Off Hand,PreRaid,Khadgar's Knapsack,Dungeon Token,,,,49 Spell Dmg/Heal,,25 Badges of Justice
Balance,Off Hand,PreRaid,Talisman of Kalecgos,Dungeon Token,,,,14 Int,,25 Badges of Justice
Balance,Off Hand,PreRaid,The Saga of Terokk,Quest (Dung),Terokk's Legacy (Seth),,,23 Int; 28 Spell Dmg/Heal,,
Balance,Two Hand,PreRaid,The Bringer of Death,Auction House,,,,62.92 DPS; 32 Sta; 31 Int; 121 Spell Dmg/Heal,,World Drop
Balance,Two Hand,PreRaid,Bloodfire Greatstaff,Dungeon Drop,,Black Morass,Normal,62.92 DPS; 42 Sta; 42 Int; 121 Spell Dmg/Heal,,Aeonus
Balance,Two Hand,PreRaid,Grand Scepter of the Nexus-Kings,Dungeon Drop,,Mana Tombs,Heroic,62.92 DPS; 45 Sta; 43 Int; 121 Spell Dmg/Heal,,Nexus-Prince Shaffar
Balance,Two Hand,PreRaid,Terokk's Shadowstaff,Dungeon Drop,,Sethekk Halls,Heroic,66.72 DPS; 40 Sta; 42 Int; 168 Spell Dmg/Heal,,Talon King Ikiss
Balance,Two Hand,PreRaid,Warpstaff of Arcanum,Dungeon Drop,,Botanica,Normal,62.92 DPS; 37 Sta; 38 Int; 121 Spell Dmg/Heal,,Warp Splinter
Balance,Two Hand,PreRaid,Auchenai Staff,Reputation,,,,62.62 DPS; 46 Int; 121 Spell Dmg/Heal,,The Aldor - Revered
Balance,Two Hand,PreRaid,Gladiator's War Staff,PvP,,,,68.5 DPS; 48 Sta; 35 Int; 199 Spell Dmg/Heal,,
Balance,Two Hand,PreRaid,High Warlord's War Staff,PvP,,,,63.0 DPS; 40 Sta; 30 Int; 121 Spell Dmg/Heal,,
Balance,Ranged/Relic,PreRaid,Idol of the Moon,Auction House,,,,,Equip: Increases the damage of your Moonfire spell by up to 33,World Drop
Balance,Ranged/Relic,PreRaid,Ivory Idol of the Moongoddess,Dungeon Drop,,Shattered Halls,Normal,,Equip: Increases the damage of your Starfire spell by up to 55,Grand Warlock Nethekurse
Balance,Ranged/Relic,PreRaid,Idol of the Raven Goddess,Quest,Vanquish the Raven God (ZM),,,,,
Bear,Head,PreRaid,Cobrascale Hood,Auction House,,,,271 Armor; 37 Agi; 42 Sta; 74 AP,,
Bear,Head,PreRaid,Wastewalker Helm,Dungeon Drop,,Old Hillsbrad Foothills,Heroic,237 Armor; 30 Sta; 56 AP; 35 Hit,,Epoch Hunter
Bear,Head,PreRaid,Cowl of Beastly Rage,Dungeon Token,,,,423 Armor; 29 Str; 26 Agi; 27 Sta; 20 Int,,50 Badges of Justice
Bear,Head,PreRaid,Mask of the Deceiver,Dungeon Token,,,,283 Armor; 32 Agi; 36 Sta; 64 AP,,50 Badges of Justice
Bear,Head,PreRaid,Helm of the Claw,Quest (Dung),The Warlord's Hideout (SV),,,237 Armor; 25 Agi; 21 Sta; 66 AP,,
Bear,Shoulder,PreRaid,Mantle of Perenolde,Dungeon Drop,,Old Hillsbrad Foothills,Normal,197 Armor; 24 Sta; 20 AP,,Epoch Hunter
Bear,Shoulder,PreRaid,Mantle of Shadowy Embrace,Dungeon Drop,,Blood Furnace,Heroic,262 Armor; 39 Agi; 33 Sta; 34 AP,,Keli'dan the Breaker
Bear,Shoulder,PreRaid,Shoulderpads of Assassination,Dungeon Drop,,Sethekk Halls,Normal,219 Armor; 25 Agi; 25 Sta; 42 AP,,Talon King Ikiss
Bear,Shoulder,PreRaid,Wastewalker Shoulderpads,Dungeon Drop,,Auchenai Crypts,Heroic,219 Armor; 25 Agi; 13 Sta; 34 AP; 35 Hit,,Avatar of the Martyred
Bear,Back,PreRaid,Resolute Cape,Auction House,,,,349 Armor; 30 Sta,,
Bear,Back,PreRaid,Auchenai Death Shroud,Dungeon Drop,,Auchenai Crypts,Heroic,78 Armor; 15 Agi; 15 Sta; 36 AP,,Avatar of the Martyred
Bear,Back,PreRaid,Bogstrok Scale Cloak,Dungeon Drop,,Slave Pens,Normal,271 Armor; 22 Sta,,Rokmar the Crackler
Bear,Back,PreRaid,Thoriumweave Cloak,Dungeon Drop,,Mechanar,Normal,390 Armor; 35 Sta,,Mechano-Lord Capacitus
Bear,Back,PreRaid,Blood Knight War Cloak,Dungeon Token,,,,93 Armor; 23 Agi; 22 Sta; 48 AP,,25 Badges of Justice
Bear,Back,PreRaid,Sergeant's Heavy Cloak,PvP,,,,104 Armor; 27 Sta; 38 AP,,
Bear,Chest,PreRaid,Heavy Clefthoof Vest,Auction House,,,,500 Armor; 20 Str; 45 Sta,,
Bear,Chest,PreRaid,Primalstrike Vest,Auction House,,,,379 Armor; 38 Agi; 39 Sta; 108 AP,,
Bear,Chest,PreRaid,Ghoul Skin Tunic,Dungeon Drop,,Naxxramas,Normal,446 Armor; 40 Str; 22 Sta; 28 Crit,,Trash Drop
Bear,Chest,PreRaid,Tunic of Assassination,Dungeon Drop,,Mechanar,Normal,292 Armor; 28 Agi; 21 Sta; 54 AP,,Pathaleon the Calculator
Bear,Chest,PreRaid,Wastewalker Tunic,Dungeon Drop,,Blood Furnace,Heroic,292 Armor; 28 Agi; 36 Sta; 56 AP; 35 Hit,,Keli'dan the Breaker
Bear,Wrist,PreRaid,Forestheart Bracers,Dungeon Drop,,Shattered Halls,Heroic,237 Armor; 18 Str; 18 Agi; 27 Sta; 16 Int,,Warchief Kargath Bladefist
Bear,Wrist,PreRaid,Umberhowl's Collar,Quest,The Cipher of Damnation - The Third Fragment Recovered (SMV),,,281 Armor; 20 Str; 10 Agi; 22 Sta,,
Bear,Wrist,PreRaid,Marshal's Dragonhide Bracers,PvP,,,,213 Armor; 16 Str; 13 Agi; 22 Sta; 13 Healing; 5 Spell Dmg,,
Bear,Wrist,PreRaid,Marshal's Leather Bracers,PvP,,,,157 Armor; 19 Agi; 25 Sta; 16 AP,,
Bear,Hands,PreRaid,Cobrascale Gloves,Auction House,,,,208 Armor; 33 Sta; 50 AP,,
Bear,Hands,PreRaid,Windslayer Wraps,Auction House,,,,208 Armor; 36 Str; 18 Agi; 25 Sta,,
Bear,Hands,PreRaid,Gloves of the Unbound,Dungeon Drop,,Arcatraz,Normal,183 Armor; 27 Agi; 20 Sta; 38 AP,,Wrath-Scryer Soccothrates
Bear,Hands,PreRaid,Wastewalker Gloves,Dungeon Drop,,Shattered Halls,Normal,183 Armor; 32 Agi; 33 Sta; 16 AP; 35 Hit,,Warchief Kargath Bladefist
Bear,Hands,PreRaid,Flesh Handler's Gauntlets,Quest,The Flesh Lies... (NS),,,165 Armor; 18 Str; 17 Agi; 27 Sta,,
Bear,Hands,PreRaid,Verdant Gloves,Quest,Akama's Promise (SMV),,,393 Armor; 26 Str; 14 Agi; 27 Sta,,
Bear,Waist,PreRaid,Girdle of the Deathdealer,Dungeon Drop,,Black Morass,Heroic,196 Armor; 28 Agi; 28 Sta; 56 AP,,Aeonus
Bear,Waist,PreRaid,Tree-Mender's Belt,Dungeon Drop,,Hellfire Ramparts,Heroic,406 Armor; 27 Str; 27 Agi; 22 Sta; 21 Int,,Vazruden
Bear,Waist,PreRaid,Manimal's Cinch,Quest,Enraged Spirits of Air (SMV),,,348 Armor; 23 Str; 12 Agi; 24 Sta,,
Bear,Waist,PreRaid,General's Leather Belt,PvP,,,,219 Armor; 27 Agi; 39 Sta; 30 AP,,
Bear,Waist,PreRaid,Marshal's Leather Belt,PvP,,,,219 Armor; 27 Agi; 39 Sta; 30 AP,,
Bear,Legs,PreRaid,Heavy Clefthoof Leggings,Auction House,,,,503 Armor; 20 Str; 33 Sta,,
Bear,Legs,PreRaid,Forestwalker Kilt,Dungeon Drop,,Mana Tombs,Heroic,459 Armor; 33 Str; 26 Agi; 24 Sta; 27 Int,,Nexus-Prince Shaffar
Bear,Legs,PreRaid,Midnight Legguards,Dungeon Drop,,Slave Pens,Heroic,305 Armor; 30 Sta; 64 AP,,Quagmirran
Bear,Legs,PreRaid,Ash Tempered Legguards,Quest,Thwart the Dark Conclave (SMV),,,475 Armor; 29 Str; 16 Agi; 31 Sta,,
Bear,Legs,PreRaid,Clefthoof Hide Leggings,Quest,Showdown (BEM),,,243 Armor; 30 Str; 30 Agi; 24 Sta,,
Bear,Legs,PreRaid,Shattrath Leggings,Quest,Special Delivery to Shattrath City (Shattrath City),,,243 Armor; 35 Str; 25 Agi; 27 Sta,,
Bear,Feet,PreRaid,Heavy Clefthoof Boots,Auction House,,,,394 Armor; 20 Str; 30 Sta,,
Bear,Feet,PreRaid,Barkchip Boots,Dungeon Drop,,Underbog,Normal,352 Armor; 24 Str; 24 Agi; 36 Sta; 21 Int,,The Black Stalker
Bear,Feet,PreRaid,Boots of the Shadow Flame,Dungeon Drop,,Blackwing Lair,Normal,310 Armor; 22 Sta; 44 AP; 20 Hit,,Nefarian
Bear,Feet,PreRaid,Boots of the Shifting Sands,Dungeon Drop,,Botanica,Normal,201 Armor; 30 Sta; 40 AP,,Laj
Bear,Feet,PreRaid,Shadowstep Striders,Dungeon Drop,,Arcatraz,Heroic,240 Armor; 31 Agi; 30 Sta; 54 AP,,Harbinger Skyriss
Bear,Feet,PreRaid,Supple Leather Boots,Quest,Whispers of the Raven God (BEM),,,352 Armor; 22 Str; 11 Agi; 24 Sta,,
Bear,Feet,PreRaid,General's Leather Boots,PvP,,,,267 Armor; 27 Agi; 39 Sta; 30 AP,,
Bear,Feet,PreRaid,Marshal's Leather Boots,PvP,,,,267 Armor; 27 Agi; 39 Sta; 30 AP,,
Bear,Neck,PreRaid,Bone Chain Necklace,Dungeon Drop,,Underbog,Normal,19 Agi; 18 Sta; 36 AP,,The Black Stalker
Bear,Neck,PreRaid,Traitor's Noose,Dungeon Drop,,Slave Pens,Heroic,18 Sta; 38 AP,,Mennu the Betrayer
Bear,Neck,PreRaid,Choker of Vile Intent,Dungeon Token,,,,20 Agi; 18 Sta; 42 AP,,25 Badges of Justice
Bear,Neck,PreRaid,Chain of Glowing Tendrils,Quest,Hitting the Motherlode (NS),,,18 Str; 17 Agi; 25 Sta,,
Bear,Neck,PreRaid,Insignia of the Mag'hari Hero,Quest,Hero of the Mag'har (Nag),,,21 Sta; 30 AP,,
Bear,Neck,PreRaid,Talon Lord's Collar,Quest (Dung),Brother Against Brother (Seth),,,19 Sta; 38 AP,,
Bear,Neck,PreRaid,Pendant of Triumph,PvP,,,,28 Sta; 36 AP,,
Bear,Ring,PreRaid,Iron Band of the Unbreakable,Dungeon Drop,,Old Hillsbrad Foothills,Normal,170 Armor; 27 Sta,,Lieutenant Drake
Bear,Ring,PreRaid,Mok'Nathal Clan Ring,Dungeon Drop,,Hellfire Ramparts,Normal,180 Armor; 16 Sta,,Vazruden
Bear,Ring,PreRaid,Nexus-Prince's Ring of Balance,Dungeon Drop,,Mana-Tombs,Heroic,20 Str; 19 Agi; 30 Sta,,Yor
Bear,Ring,PreRaid,Ravenclaw Band,Dungeon Drop,,Sethekk Halls,Normal,20 Agi; 15 Sta; 30 AP,,Talon King Ikiss
Bear,Ring,PreRaid,Band of the Exorcist,Dungeon Token,,,,24 Sta; 34 AP,,50 Spirit Shards
Bear,Ring,PreRaid,Ring of Unyielding Force,Dungeon Token,,,,294 Armor; 31 Sta,,25 Badges of Justice
Bear,Ring,PreRaid,Shapeshifter's Signet,Reputation,,,,25 Agi; 18 Sta,,Lower City - Exalted
Bear,Trinket,PreRaid,Gnomish Poultryizer,Auction House,,,,45 Sta,"Use: Turns the target into a chicken for 15 sec.  Well, that is assuming the transmogrification polarity has not been reversed",
Bear,Trinket,PreRaid,Goblin Rocket Launcher,Auction House,,,,45 Sta,Use: Fire a powerful rocket at the enemy that does 960 to 1440 damage and stuns them for 3 sec.  This thing has quite a kick though,
Bear,Trinket,PreRaid,Abacus of Violent Odds,Dungeon Drop,,Mechanar,Normal,64 AP; 260 Haste,Use: Increases haste rating by 260 for 10 sec,Pathaleon the Calculator
Bear,Trinket,PreRaid,Argussian Compass,Dungeon Drop,,Underbog,Normal,36 Sta,"Use: Reduces damage from each attack by 68, up to a total of 1150 damage absorbed. Lasts 20 sec",The Black Stalker
Bear,Trinket,PreRaid,Drake Fang Talisman,Dungeon Drop,,Blackwing Lair,Normal,56 AP; 12 Dodge; 20 Hit,,Ebonroc
Bear,Trinket,PreRaid,Hourglass of the Unraveller,Dungeon Drop,,Black Morass,Normal,,,Temporus
Bear,Trinket,PreRaid,Icon of Unyielding Courage,Dungeon Drop,,Blood Furnace,Heroic,,Use: Your attacks ignore 600 of your enemies' armor for 20 sec,Keli'dan the Breaker
Bear,Trinket,PreRaid,Slayer's Crest,Dungeon Drop,,Naxxramas,Normal,64 AP,Use: Increases attack power by 260 for 20 sec,Sapphiron
Bear,Trinket,PreRaid,Bloodlust Brooch,Dungeon Token,,,,72 AP,Use: Increases attack power by 278 for 20 sec,41 Badges of Justice
Bear,Trinket,PreRaid,Mark of the Champion,Quest,The Fall of Kel'Thuzad (Naxx),,,150 AP,,
Bear,Two Hand,PreRaid,Staff of Natural Fury,Auction House,,,,320 Armor; 65.83 DPS; 35 Str; 31 Sta; 712 AP,Equip: Reduces the base Mana cost of your shapeshifting spells by 200,World Drop
Bear,Two Hand,PreRaid,Draenic Wildstaff,Dungeon Drop,,Auchenai Crypts,Heroic,62.92 DPS; 34 Str; 32 Agi; 33 Sta; 539 AP,,Avatar of the Martyred
Bear,Two Hand,PreRaid,Dreamer's Dragonstaff,Dungeon Drop,,Botanica,Normal,62.92 DPS; 46 Str; 27 Agi; 28 Sta; 539 AP,,Thorngrin the Tender
Bear,Two Hand,PreRaid,Feral Staff of Lashing,Dungeon Drop,,Botanica,Heroic,300 Armor; 71.17 DPS; 36 Str; 35 Agi; 34 Sta; 754 AP,,Warp Splinter
Bear,Two Hand,PreRaid,Greatstaff of the Leviathan,Dungeon Drop,,Underbog,Normal,360 Armor; 62.92 DPS; 39 Str; 36 Sta; 539 AP,,Ghaz'an
Bear,Two Hand,PreRaid,Fleshling Simulation Staff,Quest,Nexus-King Salhadaar (NS),,,61.46 DPS; 27 Str; 27 Agi; 27 Sta; 457 AP,,
Bear,Two Hand,PreRaid,Earthwarden,Reputation,,,,500 Armor; 65.94 DPS; 39 Sta; 712 AP,,Cenarion Expedition - Exalted
Bear,Two Hand,PreRaid,Grand Marshal's Maul,PvP,,,,62.92 DPS; 28 Str; 42 Sta; 539 AP,,
Bear,Two Hand,PreRaid,High Warlord's Maul,PvP,,,,62.92 DPS; 28 Str; 42 Sta; 539 AP,,
Bear,Ranged/Relic,PreRaid,Idol of Brutality,Dungeon Drop,,Stratholme,Normal,,Equip: Increases the damage dealt by your Maul ability by 50 and Swipe ability by 10,Magistrate Barthilas
Bear,Ranged/Relic,PreRaid,Idol of Ursoc,Dungeon Drop,,Underbog,Normal,,,Hungarfen
Bear,Ranged/Relic,PreRaid,Idol of the Wild,Quest,Colossal Menace (HFP),,,,Equip: Increases the damage dealt by Mangle (Cat) by 24 and the damage dealt by Mangle (Bear) by 52,
Cat,Head,PreRaid,Wolfshead Helm,Auction House,,,,109 Armor; 10 Spi,"Equip: When shapeshifting into Cat form the Druid gains 20 energy, when shapeshifting into Bear form the Druid gains 5 rage",
Cat,Shoulder,PreRaid,Bladed Shoulderpads of the Merciless,Dungeon Drop,,Karazhan,Normal,273 Armor; 30 Sta; 58 AP,,Chess Event
Cat,Shoulder,PreRaid,Mantle of Perenolde,Dungeon Drop,,Old Hillsbrad Foothills,Normal,197 Armor; 24 Sta; 20 AP,,Epoch Hunter
Cat,Shoulder,PreRaid,Sun-Gilded Shouldercaps,Dungeon Drop,,Black Morass,Normal,214 Armor; 25 Agi; 26 Sta; 48 AP,,Chrono Lord Deja
Cat,Shoulder,PreRaid,Wastewalker Shoulderpads,Dungeon Drop,,Auchenai Crypts,Heroic,219 Armor; 25 Agi; 13 Sta; 34 AP; 35 Hit,,Avatar of the Martyred
Cat,Shoulder,PreRaid,Expedition Scout's Epaulets,Quest (Dung),Fel Embers (SH),,,217 Armor; 25 Agi; 50 AP,,
Cat,Back,PreRaid,Cloak of the Craft,Auction House,,,,70 Armor; 25 Agi; 20 AP,,World Drop
Cat,Back,PreRaid,Vengeance Wrap,Auction House,,,,89 Armor; 52 AP,,
Cat,Back,PreRaid,Auchenai Death Shroud,Dungeon Drop,,Auchenai Crypts,Heroic,78 Armor; 15 Agi; 15 Sta; 36 AP,,Avatar of the Martyred
Cat,Back,PreRaid,Blood Knight War Cloak,Dungeon Token,,,,93 Armor; 23 Agi; 22 Sta; 48 AP,,25 Badges of Justice
Cat,Back,PreRaid,Delicate Green Poncho,Quest,Bring Me The Egg! (Nag),,,66 Armor; 14 Agi; 19 Sta; 28 AP,,
Cat,Back,PreRaid,Nomad's Woven Cloak,Quest,Bring Me The Egg! (Nag),,,66 Armor; 14 Str; 14 Agi; 21 Sta,,
Cat,Chest,PreRaid,Primalstrike Vest,Auction House,,,,379 Armor; 38 Agi; 39 Sta; 108 AP,,
Cat,Chest,PreRaid,Tunic of Assassination,Dungeon Drop,,Mechanar,Normal,292 Armor; 28 Agi; 21 Sta; 54 AP,,Pathaleon the Calculator
Cat,Chest,PreRaid,Vest of Vengeance,Dungeon Drop,,Blood Furnace,Normal,232 Armor; 27 Agi; 18 Sta; 42 AP,,Keli'dan the Breaker
Cat,Chest,PreRaid,Auchenai Monk's Tunic,Quest (Dung),Everything Will Be Alright (AC),,,255 Armor; 24 Agi; 18 AP,,
Cat,Wrist,PreRaid,Nightfall Wristguards,Dungeon Drop,,Old Hillsbrad Foothills,Heroic,153 Armor; 24 Agi; 22 Sta; 46 AP,,Epoch Hunter
Cat,Wrist,PreRaid,Spymistress's Wristguards,Quest (Dung),The Soul Devices (SL),,,128 Armor; 18 Agi; 15 Sta,,
Cat,Hands,PreRaid,Fel Leather Gloves,Auction House,,,,169 Armor; 36 AP; 20 Dodge,,
Cat,Hands,PreRaid,Windslayer Wraps,Auction House,,,,208 Armor; 36 Str; 18 Agi; 25 Sta,,
Cat,Hands,PreRaid,Gloves of the Unbound,Dungeon Drop,,Arcatraz,Normal,183 Armor; 27 Agi; 20 Sta; 38 AP,,Wrath-Scryer Soccothrates
Cat,Hands,PreRaid,Handgrips of Assassination,Dungeon Drop,,Black Morass,Normal,183 Armor; 25 Agi; 24 Sta; 50 AP,,Aeonus
Cat,Hands,PreRaid,Wastewalker Gloves,Dungeon Drop,,Shattered Halls,Normal,183 Armor; 32 Agi; 33 Sta; 16 AP; 35 Hit,,Warchief Kargath Bladefist
Cat,Waist,PreRaid,Dunewind Sash,Dungeon Drop,,Underbog,Normal,164 Armor; 21 Agi; 16 Sta; 50 AP,,Ghaz'an
Cat,Waist,PreRaid,Epoch's Whispering Cinch,Dungeon Drop,,Old Hillsbrad Foothills,Heroic,164 Armor; 25 Agi; 24 Sta; 40 AP,,Epoch Hunter
Cat,Waist,PreRaid,Girdle of the Deathdealer,Dungeon Drop,,Black Morass,Heroic,196 Armor; 28 Agi; 28 Sta; 56 AP,,Aeonus
Cat,Waist,PreRaid,Socrethar's Girdle,Quest,Turning Point (NS),,,156 Armor; 23 Agi; 21 Sta; 48 AP,,
Cat,Waist,PreRaid,Naaru Belt of Precision,Quest (Dung),How to Break Into the Arcatraz (TK),,,164 Armor; 25 Agi; 44 AP,,
Cat,Legs,PreRaid,Fel Leather Leggings,Auction House,,,,249 Armor; 52 AP; 20 Dodge,,
Cat,Legs,PreRaid,Forestwalker Kilt,Dungeon Drop,,Mana Tombs,Heroic,459 Armor; 33 Str; 26 Agi; 24 Sta; 27 Int,,Nexus-Prince Shaffar
Cat,Legs,PreRaid,Midnight Legguards,Dungeon Drop,,Slave Pens,Heroic,305 Armor; 30 Sta; 64 AP,,Quagmirran
Cat,Legs,PreRaid,Wastewalker Leggings,Dungeon Drop,,Mana Tombs,Heroic,256 Armor; 31 Agi; 27 Sta; 28 AP; 35 Hit,,Nexus-Prince Shaffar
Cat,Legs,PreRaid,Clefthoof Hide Leggings,Quest,Showdown (BEM),,,243 Armor; 30 Str; 30 Agi; 24 Sta,,
Cat,Legs,PreRaid,Shattrath Leggings,Quest,Special Delivery to Shattrath City (Shattrath City),,,243 Armor; 35 Str; 25 Agi; 27 Sta,,
Cat,Feet,PreRaid,Fel Leather Boots,Auction House,,,,196 Armor; 36 AP; 20 Dodge,,
Cat,Feet,PreRaid,The Master's Treads,Auction House,,,,191 Armor; 24 Agi; 19 Sta; 48 AP,Equip: Increases your effective stealth level by 1,World Drop
Cat,Feet,PreRaid,Shadowstep Striders,Dungeon Drop,,Arcatraz,Heroic,240 Armor; 31 Agi; 30 Sta; 54 AP,,Harbinger Skyriss
Cat,Feet,PreRaid,Felboar Hide Shoes,Quest,The Cipher of Damnation - The Third Fragment Recovered (SMV),,,191 Armor; 18 Agi; 15 Sta; 68 AP,,
Cat,Neck,PreRaid,Braided Eternium Chain,Auction House,,,,,Use: Increases the critical strike rating of nearby party members by 28 for 30 min; Equip: +5 Weapon Damage,
Cat,Neck,PreRaid,Necklace of Trophies,Auction House,,,,22 Str; 15 Agi,,World Drop
Cat,Neck,PreRaid,Bone Chain Necklace,Dungeon Drop,,Underbog,Normal,19 Agi; 18 Sta; 36 AP,,The Black Stalker
Cat,Neck,PreRaid,Prestor's Talisman of Connivery,Dungeon Drop,,Blackwing Lair,Normal,25 Agi; 22 AP; 10 Hit,,Nefarian
Cat,Neck,PreRaid,Choker of Vile Intent,Dungeon Token,,,,20 Agi; 18 Sta; 42 AP,,25 Badges of Justice
Cat,Neck,PreRaid,Earthen Mark of Razing,Quest,Gurok the Usurper (Nag),,,23 Agi; 20 AP,,
Cat,Neck,PreRaid,Haramad's Bargain,Reputation,,,,26 Str; 25 Agi,,The Consortium - Exalted
Cat,Ring,PreRaid,Ravenclaw Band,Dungeon Drop,,Sethekk Halls,Normal,20 Agi; 15 Sta; 30 AP,,Talon King Ikiss
Cat,Ring,PreRaid,Shaffar's Band of Brutality,Dungeon Drop,,Mana-Tombs,Heroic,40 AP,,Yor
Cat,Ring,PreRaid,Kaylaan's Signet,Quest,Deathblow to the Legion (NS),,,15 Agi; 50 AP,,
Cat,Ring,PreRaid,Overseer's Signet,Quest,Shutting Down Manaforge Ara (NS),,,25 Str; 15 Agi,,
Cat,Ring,PreRaid,Slayer's Mark of the Redemption,Quest,Dissension Amongst the Ranks... (SMV),,,15 Agi; 50 AP,,
Cat,Ring,PreRaid,Shapeshifter's Signet,Reputation,,,,25 Agi; 18 Sta,,Lower City - Exalted
Cat,Trinket,PreRaid,Abacus of Violent Odds,Dungeon Drop,,Mechanar,Normal,64 AP; 260 Haste,Use: Increases haste rating by 260 for 10 sec,Pathaleon the Calculator
Cat,Trinket,PreRaid,Drake Fang Talisman,Dungeon Drop,,Blackwing Lair,Normal,56 AP; 12 Dodge; 20 Hit,,Ebonroc
Cat,Trinket,PreRaid,Hourglass of the Unraveller,Dungeon Drop,,Black Morass,Normal,,,Temporus
Cat,Trinket,PreRaid,Icon of Unyielding Courage,Dungeon Drop,,Blood Furnace,Heroic,,Use: Your attacks ignore 600 of your enemies' armor for 20 sec,Keli'dan the Breaker
Cat,Trinket,PreRaid,Slayer's Crest,Dungeon Drop,,Naxxramas,Normal,64 AP,Use: Increases attack power by 260 for 20 sec,Sapphiron
Cat,Trinket,PreRaid,Bloodlust Brooch,Dungeon Token,,,,72 AP,Use: Increases attack power by 278 for 20 sec,41 Badges of Justice
Cat,Trinket,PreRaid,Core of Ar'kelos,Quest,Ar'kelos the Guardian (NS),,,52 AP,Use: Increases your melee and ranged attack power by 200. Effect lasts for 20 sec,
Cat,Trinket,PreRaid,Mark of the Champion,Quest,The Fall of Kel'Thuzad (Naxx),,,150 AP,,
Cat,Two Hand,PreRaid,Staff of Natural Fury,Auction House,,,,320 Armor; 65.83 DPS; 35 Str; 31 Sta; 712 AP,Equip: Reduces the base Mana cost of your shapeshifting spells by 200,World Drop
Cat,Two Hand,PreRaid,Draenic Wildstaff,Dungeon Drop,,Auchenai Crypts,Heroic,62.92 DPS; 34 Str; 32 Agi; 33 Sta; 539 AP,,Avatar of the Martyred
Cat,Two Hand,PreRaid,Dreamer's Dragonstaff,Dungeon Drop,,Botanica,Normal,62.92 DPS; 46 Str; 27 Agi; 28 Sta; 539 AP,,Thorngrin the Tender
Cat,Two Hand,PreRaid,Feral Staff of Lashing,Dungeon Drop,,Botanica,Heroic,300 Armor; 71.17 DPS; 36 Str; 35 Agi; 34 Sta; 754 AP,,Warp Splinter
Cat,Two Hand,PreRaid,Fleshling Simulation Staff,Quest,Nexus-King Salhadaar (NS),,,61.46 DPS; 27 Str; 27 Agi; 27 Sta; 457 AP,,
Cat,Two Hand,PreRaid,Earthwarden,Reputation,,,,500 Armor; 65.94 DPS; 39 Sta; 712 AP,,Cenarion Expedition - Exalted
Cat,Two Hand,PreRaid,Grand Marshal's Maul,PvP,,,,62.92 DPS; 28 Str; 42 Sta; 539 AP,,
Cat,Two Hand,PreRaid,High Warlord's Maul,PvP,,,,62.92 DPS; 28 Str; 42 Sta; 539 AP,,
Cat,Ranged/Relic,PreRaid,Idol of Feral Shadows,Dungeon Drop,,Arcatraz,Normal,,,Zereketh the Unbound
Cat,Ranged/Relic,PreRaid,Everbloom Idol,Dungeon Token,,,,,Equip: Increases the damage dealt by Shred by 88,15 Badges of Justice
Cat,Ranged/Relic,PreRaid,Idol of the Wild,Quest,Colossal Menace (HFP),,,,Equip: Increases the damage dealt by Mangle (Cat) by 24 and the damage dealt by Mangle (Bear) by 52,
Restoration,Head,PreRaid,Hood of Primal Life,Auction House,,,,271 Armor; 34 Sta; 37 Int; 31 Spi; 68 Healing; 23 Spell Dmg,,
Restoration,Head,PreRaid,Whitemend Hood,Auction House,,,,145 Armor; 15 Sta; 15 Int; 79 Healing; 27 Spell Dmg; 11 MP5,,
Restoration,Head,PreRaid,Hallowed Crown,Dungeon Drop,,Arcatraz,Normal,127 Armor; 12 Sta; 24 Int; 26 Spi; 57 Healing; 19 Spell Dmg,,Harbinger Skyriss
Restoration,Head,PreRaid,Moonglade Cowl,Dungeon Drop,,Botanica,Normal,237 Armor; 24 Str; 8 Agi; 18 Sta; 25 Int; 13 Spi; 53 Healing; 18 Spell Dmg,,Warp Splinter
Restoration,Head,PreRaid,Raven-Heart Headdress,Dungeon Drop,,Auchenai Crypts,Normal,208 Armor; 22 Str; 24 Sta; 23 Int; 16 Spi; 35 Healing; 12 Spell Dmg,,Shirrak the Dead Watcher
Restoration,Head,PreRaid,Cowl of Naaru Blessings,Dungeon Token,,,,151 Armor; 28 Sta; 29 Int; 23 Spi; 66 Healing; 22 Spell Dmg,,50 Badges of Justice
Restoration,Head,PreRaid,Watcher's Cowl,Reputation,,,,127 Armor; 21 Sta; 36 Int; 14 Spi; 79 Healing; 27 Spell Dmg,,Cenarion Expedition - Revered
Restoration,Head,PreRaid,Gladiator's Kodohide Helm,PvP,,,,356 Armor; 46 Sta; 33 Int; 75 Healing; 25 Spell Dmg; 6 MP5,,
Restoration,Shoulder,PreRaid,Primal Mooncloth Shoulders,Auction House,,,,133 Armor; 16 Int; 15 Spi; 92 Healing; 31 Spell Dmg; 7 MP5,,
Restoration,Shoulder,PreRaid,Hallowed Pauldrons,Dungeon Drop,,Shadow Labyrinth,Normal,117 Armor; 10 Sta; 17 Int; 20 Spi; 42 Healing; 14 Spell Dmg,,Grandmaster Vorpil
Restoration,Shoulder,PreRaid,Moonglade Shoulders,Dungeon Drop,,Steamvault,Normal,219 Armor; 13 Str; 12 Agi; 18 Sta; 19 Int; 18 Spi; 29 Healing; 10 Spell Dmg,,Warlord Kalithresh
Restoration,Shoulder,PreRaid,Pauldrons of Sufferance,Dungeon Drop,,Old Hillsbrad Foothills,Normal,105 Armor; 18 Sta; 13 Int; 19 Spi; 35 Healing; 12 Spell Dmg,,Epoch Hunter
Restoration,Shoulder,PreRaid,Ravenwing Pauldrons,Dungeon Drop,,Old Hillsbrad Foothills,Normal,197 Armor; 19 Str; 19 Sta; 13 Int; 14 Spi; 26 Healing; 9 Spell Dmg,,Lieutenant Drake
Restoration,Shoulder,PreRaid,Gladiator's Kodohide Spaulders,PvP,,,,331 Armor; 33 Sta; 21 Int; 46 Healing; 16 Spell Dmg; 4 MP5,,
Restoration,Back,PreRaid,Lifegiving Cloak,Auction House,,,,85 Armor; 13 Int; 64 Healing; 22 Spell Dmg; 5 MP5,,World Drop
Restoration,Back,PreRaid,White Remedy Cape,Auction House,,,,76 Armor; 59 Healing; 20 Spell Dmg; 7 MP5,,
Restoration,Back,PreRaid,Avian Cloak of Feathers,Dungeon Drop,,Sethekk Halls,Normal,78 Armor; 18 Int; 12 Spi; 42 Healing; 14 Spell Dmg; 5 MP5,,Talon King Ikiss
Restoration,Back,PreRaid,Cloak of Suturing,Dungeon Drop,,Naxxramas,Normal,72 Armor; 12 Int; 12 Spi; 48 Healing; 16 Spell Dmg; 5 MP5,,Patchwerk
Restoration,Back,PreRaid,Cloak of the Everliving,Dungeon Drop,,Hellfire Ramparts,Heroic,78 Armor; 53 Healing; 18 Spell Dmg; 9 MP5,,Watchkeeper Gargolmar
Restoration,Back,PreRaid,Light-Touched Stole of Altruism,Dungeon Drop,,Auchenai Crypts,Heroic,93 Armor; 22 Sta; 21 Int; 55 Healing; 19 Spell Dmg,,Exarch Maladaar
Restoration,Back,PreRaid,Bishop's Cloak,Dungeon Token,,,,93 Armor; 16 Sta; 17 Int; 46 Healing; 16 Spell Dmg; 8 MP5,,25 Badges of Justice
Restoration,Chest,PreRaid,Living Crystal Breastplate,Auction House,,,,255 Armor; 25 Sta; 23 Int; 17 Spi; 29 Spell Dmg/Heal; 55 Healing; 19 Spell Dmg,,
Restoration,Chest,PreRaid,Primal Mooncloth Robe,Auction House,,,,202 Armor; 20 Int; 20 Spi; 121 Healing; 41 Spell Dmg; 10 MP5,,
Restoration,Chest,PreRaid,Windhawk Hauberk,Auction House,,,,379 Armor; 28 Sta; 29 Int; 29 Spi; 32 Spell Dmg/Heal; 42 Healing; 14 Spell Dmg; 8 MP5,,
Restoration,Chest,PreRaid,Hallowed Garments,Dungeon Drop,,Shadow Labyrinth,Normal,156 Armor; 12 Sta; 26 Int; 26 Spi; 57 Healing; 19 Spell Dmg,,Murmur
Restoration,Chest,PreRaid,Moonglade Robe,Dungeon Drop,,Mechanar,Normal,292 Armor; 25 Str; 17 Agi; 16 Sta; 17 Int; 14 Spi; 55 Healing; 19 Spell Dmg,,Pathaleon the Calculator
Restoration,Chest,PreRaid,Raiments of Divine Authority,Dungeon Drop,,Blood Furnace,Normal,122 Armor; 16 Sta; 21 Int; 18 Spi; 46 Healing; 16 Spell Dmg,,Keli'dan the Breaker
Restoration,Chest,PreRaid,Raiments of Nature's Breath,Dungeon Drop,,Hellfire Ramparts,Heroic,292 Armor; 25 Sta; 32 Int; 18 Spi; 75 Healing; 25 Spell Dmg; 7 MP5,,Vazruden
Restoration,Chest,PreRaid,Robe of Effervescent Light,Dungeon Drop,,Blood Furnace,Heroic,156 Armor; 25 Sta; 33 Int; 18 Spi; 73 Healing; 25 Spell Dmg; 7 MP5,,Keli'dan the Breaker
Restoration,Chest,PreRaid,Gladiator's Kodohide Tunic,PvP,,,,429 Armor; 42 Sta; 30 Int; 75 Healing; 25 Spell Dmg; 6 MP5,,
Restoration,Wrist,PreRaid,Bracers of Havok,Auction House,,,,67 Armor; 12 Int; 30 Spell Dmg/Heal,,
Restoration,Wrist,PreRaid,Windhawk Bracers,Auction House,,,,159 Armor; 22 Sta; 17 Int; 7 Spi; 16 Spell Dmg/Heal; 31 Healing; 11 Spell Dmg; 8 MP5,,
Restoration,Wrist,PreRaid,Bands of the Benevolent,Dungeon Drop,,Sethekk Halls,Heroic,81 Armor; 18 Sta; 20 Int; 18 Spi; 46 Healing; 16 Spell Dmg,,Talon King Ikiss
Restoration,Wrist,PreRaid,Bracelets of Royal Redemption,Dungeon Drop,,Ahn'Qiraj,Normal,61 Armor; 8 Sta; 10 Int; 9 Spi; 53 Healing; 18 Spell Dmg,,Emperor Vek'nilash
Restoration,Wrist,PreRaid,Lucid Dream Bracers,Dungeon Drop,,Mana Tombs,Heroic,128 Armor; 13 Sta; 15 Int; 17 Spi; 37 Healing; 13 Spell Dmg,,Nexus-Prince Shaffar
Restoration,Wrist,PreRaid,Dreamwalker Wristguards,Quest,Dreamwalker Wristguards (Naxx),,,126 Armor; 14 Sta; 16 Int; 40 Healing; 14 Spell Dmg; 5 MP5,,
Restoration,Wrist,PreRaid,Shattrath Wraps,Quest (Dung),The Soul Devices (SL),,,68 Armor; 15 Sta; 15 Int; 21 Spell Dmg/Heal,,
Restoration,Wrist,PreRaid,Bindings of the Timewalker,Reputation,,,,78 Armor; 24 Sta; 12 Int; 64 Healing; 22 Spell Dmg,,Keepers of Time - Exalted
Restoration,Wrist,PreRaid,Marshal's Kodohide Bracers,PvP,,,,187 Armor; 22 Sta; 13 Int; 22 Healing; 8 Spell Dmg; 4 MP5,,
Restoration,Hands,PreRaid,Gloves of the Living Touch,Auction House,,,,208 Armor; 16 Sta; 18 Int; 22 Spi; 77 Healing; 26 Spell Dmg,,
Restoration,Hands,PreRaid,Bloody Surgeon's Mitts,Dungeon Drop,,Blood Furnace,Normal,76 Armor; 10 Sta; 20 Int; 12 Spi; 31 Healing; 11 Spell Dmg,,Broggok
Restoration,Hands,PreRaid,Hallowed Handwraps,Dungeon Drop,,Shattered Halls,Normal,97 Armor; 19 Sta; 20 Int; 26 Spi; 51 Healing; 17 Spell Dmg,,Warchief Kargath Bladefist
Restoration,Hands,PreRaid,Natural Mender's Wraps,Dungeon Drop,,Auchenai Crypts,Normal,183 Armor; 22 Sta; 25 Int; 18 Spi; 55 Healing; 19 Spell Dmg,,Avatar of the Martyred
Restoration,Hands,PreRaid,Prismatic Mittens of Mending,Dungeon Drop,,Botanica,Normal,97 Armor; 23 Sta; 26 Int; 55 Healing; 19 Spell Dmg; 7 MP5,,Commander Sarannis
Restoration,Hands,PreRaid,Wasphide Gauntlets,Dungeon Drop,,Ahn'Qiraj,Normal,164 Armor; 14 Sta; 15 Int; 16 Spi; 53 Healing; 18 Spell Dmg,,Princess Huhuran
Restoration,Hands,PreRaid,Cryo-mitts,Quest (Dung),Someone Else's Hard Work Pays Off (MT),,,156 Armor; 22 Int; 16 Spi; 57 Healing; 19 Spell Dmg,,
Restoration,Hands,PreRaid,Gloves of Preservation,Quest (Dung),Fel Embers (SH),,,181 Armor; 25 Int; 25 Spi; 53 Healing; 18 Spell Dmg,,
Restoration,Hands,PreRaid,Gladiator's Kodohide Gloves,PvP,,,,283 Armor; 33 Sta; 27 Int; 62 Healing; 21 Spell Dmg; 6 MP5,Equip: Reduces the cast time of your Cyclone spell by 0,
Restoration,Waist,PreRaid,Primal Mooncloth Belt,Auction House,,,,109 Armor; 12 Int; 11 Spi; 81 Healing; 27 Spell Dmg; 8 MP5,,
Restoration,Waist,PreRaid,Windhawk Belt,Auction House,,,,205 Armor; 17 Sta; 19 Int; 20 Spi; 23 Spell Dmg/Heal; 42 Healing; 14 Spell Dmg; 8 MP5,,
Restoration,Waist,PreRaid,Cord of Belief,Dungeon Drop,,Slave Pens,Heroic,88 Armor; 23 Int; 20 Spi; 46 Healing; 16 Spell Dmg; 8 MP5,,Mennu the Betrayer
Restoration,Waist,PreRaid,Cord of Sanctification,Dungeon Drop,,Old Hillsbrad Foothills,Heroic,105 Armor; 25 Sta; 24 Int; 62 Healing; 21 Spell Dmg; 7 MP5,,Epoch Hunter
Restoration,Waist,PreRaid,Grasp of the Old God,Dungeon Drop,,Ahn'Qiraj,Normal,85 Armor; 15 Sta; 19 Int; 59 Healing; 20 Spell Dmg; 7 MP5,,C'Thun
Restoration,Waist,PreRaid,Regenerating Belt of Vek'nilash,Dungeon Drop,,Ahn'Qiraj,Normal,152 Armor; 16 Sta; 18 Int; 13 Spi; 55 Healing; 19 Spell Dmg,,Emperor Vek'nilash
Restoration,Waist,PreRaid,The Sleeper's Cord,Dungeon Drop,,Arcatraz,Normal,164 Armor; 18 Sta; 24 Int; 21 Spi; 53 Healing; 18 Spell Dmg,,Wrath-Scryer Soccothrates
Restoration,Waist,PreRaid,Dreamwalker Girdle,Quest,Dreamwalker Girdle (Naxx),,,162 Armor; 14 Sta; 23 Int; 13 Spi; 51 Healing; 17 Spell Dmg; 4 MP5,,
Restoration,Waist,PreRaid,General's Kodohide Belt,PvP,,,,259 Armor; 34 Sta; 23 Int; 62 Healing; 21 Spell Dmg; 7 MP5,,
Restoration,Legs,PreRaid,Kamaei's Cerulean Skirt,Auction House,,,,149 Armor; 25 Int; 21 Spi; 118 Healing; 37 Spell Dmg,,World Drop
Restoration,Legs,PreRaid,Pants of Living Growth,Auction House,,,,278 Armor; 29 Int; 35 Spi; 77 Healing; 26 Spell Dmg; 6 MP5,,World Drop
Restoration,Legs,PreRaid,Whitemend Pants,Auction House,,,,156 Armor; 21 Sta; 21 Int; 62 Healing; 21 Spell Dmg; 11 MP5,,
Restoration,Legs,PreRaid,Hallowed Trousers,Dungeon Drop,,Sethekk Halls,Normal,136 Armor; 25 Sta; 33 Int; 18 Spi; 73 Healing; 25 Spell Dmg; 7 MP5,,Talon King Ikiss
Restoration,Legs,PreRaid,Kilt of the Night Strider,Dungeon Drop,,Blood Furnace,Normal,203 Armor; 21 Sta; 26 Int; 8 Spi; 33 Healing; 11 Spell Dmg; 6 MP5,,Broggok
Restoration,Legs,PreRaid,Lifegiver Britches,Dungeon Drop,,Hellfire Ramparts,Normal,103 Armor; 16 Sta; 25 Int; 12 Spi; 44 Healing; 15 Spell Dmg,,Vazruden
Restoration,Legs,PreRaid,Pontifex Kilt,Dungeon Drop,,Steamvault,Heroic,163 Armor; 25 Sta; 29 Int; 27 Spi; 66 Healing; 22 Spell Dmg,,Warlord Kalithresh
Restoration,Legs,PreRaid,Pontiff's Pantaloons of Prophecy,Dungeon Drop,,Old Hillsbrad Foothills,Heroic,136 Armor; 12 Sta; 27 Int; 24 Spi; 55 Healing; 19 Spell Dmg,,Captain Skarloc
Restoration,Legs,PreRaid,Pants of the Naaru,Quest,Special Delivery to Shattrath City (Shattrath City),,,130 Armor; 27 Sta; 22 Int; 25 Spi; 77 Healing; 26 Spell Dmg,,
Restoration,Legs,PreRaid,Haramad's Leg Wraps,Quest (Dung),Undercutting the Competition (MT),,,116 Armor; 29 Spi; 24 Healing; 8 Spell Dmg; 11 MP5,,
Restoration,Legs,PreRaid,Gladiator's Kodohide Legguards,PvP,,,,400 Armor; 45 Sta; 37 Int; 84 Healing; 28 Spell Dmg; 10 MP5,,
Restoration,Feet,PreRaid,Boots of the Glade-Keeper,Dungeon Drop,,Mechanar,Normal,201 Armor; 21 Sta; 24 Int; 20 Spi; 53 Healing; 18 Spell Dmg,,The Gatewatchers
Restoration,Feet,PreRaid,Boots of the Pious,Dungeon Drop,,Mechanar,Heroic,128 Armor; 24 Sta; 26 Int; 23 Spi; 62 Healing; 21 Spell Dmg,,Pathaleon the Calculator
Restoration,Feet,PreRaid,Jeweled Boots of Sanctification,Dungeon Drop,,Shattered Halls,Normal,105 Armor; 22 Sta; 25 Int; 55 Healing; 19 Spell Dmg; 6 MP5,,Warbringer O'mrogg
Restoration,Feet,PreRaid,Slippers of Serenity,Dungeon Drop,,Auchenai Crypts,Normal,94 Armor; 10 Sta; 22 Int; 15 Spi; 35 Healing; 12 Spell Dmg,,Exarch Maladaar
Restoration,Feet,PreRaid,Curate's Boots,Quest (Dung),Fel Embers (SH),,,106 Armor; 25 Int; 25 Spi; 53 Healing; 18 Spell Dmg,,
Restoration,Feet,PreRaid,General's Kodohide Boots,PvP,,,,307 Armor; 34 Sta; 23 Int; 62 Healing; 21 Spell Dmg; 7 MP5,,
Restoration,Neck,PreRaid,Necklace of Necropsy,Dungeon Drop,,Naxxramas,Normal,10 Sta; 11 Int; 10 Spi; 53 Healing; 18 Spell Dmg,,Heigan the Unclean
Restoration,Neck,PreRaid,Necklace of Resplendent Hope,Dungeon Drop,,Old Hillsbrad Foothills,Heroic,53 Healing; 18 Spell Dmg; 9 MP5,,Epoch Hunter
Restoration,Neck,PreRaid,Necklace of Eternal Hope,Dungeon Token,,,,22 Sta; 21 Int; 48 Healing; 16 Spell Dmg; 4 MP5,,25 Badges of Justice
Restoration,Neck,PreRaid,Amulet of the Fallen God,Quest,The Savior of Kalimdor (AQ),,,11 Sta; 57 Healing; 19 Spell Dmg; 6 MP5,,
Restoration,Neck,PreRaid,Karja's Medallion,Quest,Shutting Down Manaforge Ara (NS),,,15 Int; 10 Spi; 55 Healing; 19 Spell Dmg,,
Restoration,Neck,PreRaid,Natasha's Guardian Cord,Quest,The Hound-Master (BEM),,,10 Int; 55 Healing; 19 Spell Dmg; 6 MP5,,
Restoration,Ring,PreRaid,Azure Moonstone Ring,Auction House,,,,57 Healing; 19 Spell Dmg,,
Restoration,Ring,PreRaid,Brilliant Pearl Band,Auction House,,,,15 Spi; 53 Healing; 18 Spell Dmg,,
Restoration,Ring,PreRaid,Band of Unanswered Prayers,Dungeon Drop,,Naxxramas,Normal,11 Sta; 11 Int; 12 Spi; 51 Healing; 17 Spell Dmg,,Anub'Rekhan
Restoration,Ring,PreRaid,Band of the Crystalline Void,Dungeon Drop,,Mana-Tombs,Heroic,20 Int; 44 Healing; 15 Spell Dmg; 8 MP5,,Yor
Restoration,Ring,PreRaid,Cosmic Lifeband,Dungeon Drop,,Mechanar,Normal,57 Healing; 19 Spell Dmg; 7 MP5,,Nethermancer Sepethrea
Restoration,Ring,PreRaid,Pure Elementium Band,Dungeon Drop,,Blackwing Lair,Normal,9 Sta; 10 Int; 10 Spi; 53 Healing; 18 Spell Dmg,,Nefarian
Restoration,Ring,PreRaid,Ring of Fabled Hope,Dungeon Drop,,Underbog,Normal,12 Int; 11 Spi; 59 Healing; 20 Spell Dmg,,The Black Stalker
Restoration,Ring,PreRaid,Ring of the Martyr,Dungeon Drop,,Ahn'Qiraj,Normal,10 Sta; 51 Healing; 17 Spell Dmg; 5 MP5,,Princess Huhuran
Restoration,Ring,PreRaid,Band of Halos,Dungeon Token,,,,22 Sta; 21 Int; 46 Healing; 16 Spell Dmg; 6 MP5,,25 Badges of Justice
Restoration,Ring,PreRaid,Celestial Jewel Ring,Quest,Hitting the Motherlode (NS),,,13 Int; 55 Healing; 19 Spell Dmg; 4 MP5,,
Restoration,Ring,PreRaid,Spiritualist's Mark of the Sha'tar,Quest,Battle of the Crimson Watch (SMV),,,12 Spi; 64 Healing; 22 Spell Dmg,,
Restoration,Ring,PreRaid,Keeper's Ring of Piety,Quest (Dung),Hero of the Brood (BM),,,18 Spi; 42 Healing; 14 Spell Dmg; 7 MP5,,
Restoration,Ring,PreRaid,Ancestral Band,Reputation,,,,15 Int; 57 Healing; 19 Spell Dmg; 4 MP5,,Thrallmar - Revered
Restoration,Ring,PreRaid,Ring of Convalescence,Reputation,,,,15 Int; 57 Healing; 19 Spell Dmg; 4 MP5,,Honor Hold - Revered
Restoration,Trinket,PreRaid,Auslese's Light Channeler,Dungeon Drop,,Blood Furnace,Normal,59 Healing; 20 Spell Dmg,Use: Reduces the cost of your next spell cast within 10 sec by up to 215 mana,Broggok
Restoration,Trinket,PreRaid,Eye of the Dead,Dungeon Drop,,Naxxramas,Normal,70 Healing; 24 Spell Dmg,Use: Increases healing done by the next 5 spells by up to 450 and damage done by up to 150 for 30 sec,Sapphiron
Restoration,Trinket,PreRaid,Rejuvenating Gem,Dungeon Drop,,Blackwing Lair,Normal,66 Healing; 22 Spell Dmg; 9 MP5,,Three Drakes
Restoration,Trinket,PreRaid,Scarab of the Infinite Cycle,Dungeon Drop,,Black Morass,Normal,70 Healing; 24 Spell Dmg,,Aeonus
Restoration,Trinket,PreRaid,Essence of the Martyr,Dungeon Token,,,,84 Healing; 28 Spell Dmg,Use: Increases healing done by spells by up to 297 and damage done by spells by up to 99 for 20 sec,41 Badges of Justice
Restoration,Trinket,PreRaid,Oshu'gun Relic,Quest,Gava'xi (Nag),,,53 Healing; 18 Spell Dmg,Use: Increases healing done by spells and effects by up to 213 and damage done by spells by up to 71 for 20 sec,
Restoration,Trinket,PreRaid,Lower City Prayerbook,Reputation,,,,70 Healing; 24 Spell Dmg,Use: Your heals each cost 22 less mana for the next 15 sec,Lower City - Revered
Restoration,Main Hand,PreRaid,Hand of Eternity,Auction House,,,,43.68 DPS; 20 Int; 317 Healing; 106 Spell Dmg; 7 MP5,,
Restoration,Main Hand,PreRaid,The Ancient Scepter of Sue-Min,Auction House,,,,43.57 DPS; 15 Int; 299 Healing; 100 Spell Dmg; 8 MP5,,World Drop
Restoration,Main Hand,PreRaid,The Essence Focuser,Auction House,,,,41.11 DPS; 227 Healing; 76 Spell Dmg; 11 MP5,,World Drop
Restoration,Main Hand,PreRaid,Dathrohan's Ceremonial Hammer,Dungeon Drop,,Old Hillsbrad Foothills,Heroic,41.11 DPS; 13 Sta; 14 Int; 18 Spi; 227 Healing; 76 Spell Dmg,,Captain Skarloc
Restoration,Main Hand,PreRaid,Hammer of the Penitent,Dungeon Drop,,Mechanar,Normal,41.11 DPS; 16 Int; 13 Spi; 227 Healing; 76 Spell Dmg; 6 MP5,,Mechano-Lord Capacitus
Restoration,Main Hand,PreRaid,Hammer of the Twisting Nether,Dungeon Drop,,Naxxramas,Normal,41.58 DPS; 8 Sta; 11 Int; 238 Healing; 80 Spell Dmg; 8 MP5,,Kel'Thuzad
Restoration,Main Hand,PreRaid,Lightsworn Hammer,Dungeon Drop,,Shattered Halls,Normal,41.11 DPS; 12 Sta; 11 Int; 227 Healing; 76 Spell Dmg; 8 MP5,,Warchief Kargath Bladefist
Restoration,Main Hand,PreRaid,Shockwave Truncheon,Dungeon Drop,,Shadow Labyrinth,Heroic,41.58 DPS; 24 Sta; 317 Healing; 106 Spell Dmg; 6 MP5,,Murmur
Restoration,Main Hand,PreRaid,Gavel of Pure Light,Reputation,,,,41.32 DPS; 12 Sta; 12 Int; 299 Healing; 100 Spell Dmg; 8 MP5,,The Sha'tar - Exalted
Restoration,Main Hand,PreRaid,Gladiator's Salvation,PvP,,,,41.25 DPS; 28 Sta; 18 Int; 375 Healing; 125 Spell Dmg,,
Restoration,Off Hand,PreRaid,Faol's Signet of Cleansing,Dungeon Drop,,Hellfire Ramparts,Heroic,59 Healing; 20 Spell Dmg; 7 MP5,,Omor the Unscarred
Restoration,Off Hand,PreRaid,Lamp of Peaceful Repose,Dungeon Drop,,Arcatraz,Normal,16 Sta; 18 Int; 35 Healing; 12 Spell Dmg; 6 MP5,,Dalliah the Doomsayer
Restoration,Off Hand,PreRaid,Lordaeron Medical Guide,Dungeon Drop,,Old Hillsbrad Foothills,Heroic,12 Sta; 10 Int; 16 Spi; 46 Healing; 16 Spell Dmg,,Lieutenant Drake
Restoration,Off Hand,PreRaid,Noth's Frigid Heart,Dungeon Drop,,Naxxramas,Normal,12 Int; 13 Spi; 53 Healing; 18 Spell Dmg,,Noth the Plaguebringer
Restoration,Off Hand,PreRaid,Sapphiron's Right Eye,Dungeon Drop,,Naxxramas,Normal,9 Sta; 10 Int; 62 Healing; 21 Spell Dmg; 4 MP5,,Sapphiron
Restoration,Off Hand,PreRaid,Swamplight Lantern,Dungeon Drop,,Slave Pens,Heroic,22 Int; 40 Healing; 14 Spell Dmg; 6 MP5,,Quagmirran
Restoration,Off Hand,PreRaid,Tears of Heaven,Dungeon Token,,,,75 Healing; 25 Spell Dmg; 6 MP5,,25 Badges of Justice
Restoration,Off Hand,PreRaid,Netherwing Spiritualist's Charm,Quest,Ally of the Netherwing (SMV),,,15 Int; 15 Spi; 33 Healing; 11 Spell Dmg; 6 MP5,,
Restoration,Off Hand,PreRaid,Windcaller's Orb,Reputation,,,,16 Int; 12 Spi; 64 Healing; 22 Spell Dmg,,Cenarion Expedition - Exalted
Restoration,Two Hand,PreRaid,Epoch-Mender,Dungeon Drop,,Black Morass,Normal,59.79 DPS; 37 Sta; 35 Int; 227 Healing; 76 Spell Dmg; 12 MP5,,Temporus
Restoration,Two Hand,PreRaid,Serpentcrest Life-Staff,Dungeon Drop,,Steamvault,Normal,59.79 DPS; 27 Sta; 27 Int; 46 Spi; 227 Healing; 76 Spell Dmg,,Mekgineer Steamrigger
Restoration,Two Hand,PreRaid,"Atiesh, Greatstaff of the Guardian",Quest,"Atiesh, Greatstaff of the Guardian ()",,,64.31 DPS; 28 Sta; 28 Int; 27 Spi; 300 Healing; 100 Spell Dmg; 592 AP; 11 MP5,"Use: Creates a portal, teleporting group members that use it to Karazhan",
Restoration,Two Hand,PreRaid,Seer's Cane,Reputation,,,,62.62 DPS; 28 Sta; 46 Int; 228 Healing; 76 Spell Dmg; 10 MP5,,The Scryers - Revered
Restoration,Ranged/Relic,PreRaid,Idol of the Emerald Queen,Dungeon Drop,,Shadow Labyrinth,Normal,,Equip: Increases the periodic healing of your Lifebloom by up to 88,Ambassador Hellmaw
Restoration,Ranged/Relic,PreRaid,Harold's Rejuvenating Broach,Quest,The Ultimate Bloodsport (Nag),,,,,
